,Name,ID,Created_AT,Favourited,Followers,Description,Friend_Count,Tweets
0,John Grisham,JohnGrisham,2014-09-17 16:08:28,52,31501,Author,65,280
1,Khaled Hosseini,khaledhosseini,2014-09-26 01:15:59,258,38730,"Dad, Husband, Author of The Kite Runner, A Thousand Splendid Suns, And the Mountains Echoed, Sea Prayer. Founder, TKHF. @Refugees Goodwill Ambassador.",125,776
2,Rick Riordan,camphalfblood,2009-01-15 18:17:48,357,598849,Author of Percy Jackson & many other middle grade books. Proud cheerleader for the Rick Riordan Presents imprint! https://t.co/mIy9wtQ3n4,83,1331
3,Dan Brown,AuthorDanBrown,2012-09-11 17:33:15,10,407519,"This is the official Twitter page for author Dan Brown, run by his office. ORIGIN is the new Robert Langdon novel - released October 3, 2017",48,492
4,Ann Brashares,AnnBrashares,2010-01-12 05:10:55,985,5261,"Author. Mother of 4. New Yorker. Have pants, will travel. New YA novel, THE WHOLE THING TOGETHER comes out April 25.",285,1002
5,Nicholas Sparks,NicholasSparks,2010-02-06 15:34:45,866,619692,Author and Producer - Follow @NicholasSparks on Instagram,258,7756
6,Stephen King,StephenKing,2013-12-06 15:26:35,18,5153934,Author,96,3168
7,Jodi Picoult,jodipicoult,2009-04-20 23:05:44,36068,167721,author/mom/Wonder Woman,407,20717
8,James Patterson,JP_Books,2010-08-24 16:15:04,1970,120115,"New York Times bestselling author, Children's Choice Book Award Author of the Year, husband and father.
Retweets are not endorsements.",2584,6104
9,Haruki Murakami,harukimurakami_,2009-09-12 02:52:25,0,154475,Japanese writer and translator.,0,3150
10,sarahdessen,sarahdessen,2008-07-04 10:47:49,23175,265164,Author. Mother. Worrier.  THE REST OF THE STORY is coming June 2019!,644,76430
11,Jasper Fforde,jasperfforde,2009-01-26 10:30:19,46,22844,"Jasper Fforde is a Fantasy/SF/Comedy/Crime author who lives in Wales. Next publication: 'Early Riser' USA, Feb 2019",115,2773
12,Tracy Chevalier,Tracy_Chevalier,2009-03-16 20:30:28,3417,10596,"Writer; author of 9 novels, including GIRL WITH A PEARL EARRING, AT THE EDGE OF THE ORCHARD, and the latest, NEW BOY.",710,5882
13,Carl Hiaasen,Carl_Hiaasen,2015-05-07 14:20:51,6,21641,"columnist @miamiherald, and author @aaknopf and @randomhousekids and @HachetteUS and @VintageBooks",43,993
14,David Baldacci,davidbaldacci,2009-10-05 14:38:16,1558,34488,I live to write and write to live. Vega Jane returns in THE STARS BELOW on 2/26; Amos Decker is back on 4/16 in REDEMPTION.,268,2071
15,Nelson DeMille,nelsondemille,2012-09-25 16:06:39,1697,7275,The official Twitter account for #1 New York Times bestselling author Nelson DeMille.,514,1943
16,Malcolm Gladwell,Gladwell,2008-12-05 04:25:47,43,590010,Skinny Canadian,70,717
17,AugustenBurroughs,augusten,2008-08-15 05:55:54,6422,44876,"Author
https://t.co/zqrcHsXdMx
https://t.co/HnylPLp7l0
Literary Agent: https://t.co/zeWAt8LlAw",588,4234
18,Salman Rushdie,SalmanRushdie,2011-09-14 14:58:14,26,1222651,In the immortal words of Popeye the Sailor Man: I yam what I yam and that's all that I yam.,585,4300
19,SherrilynKenyonBooks,SKenyonFans,2011-12-07 18:30:58,8,1488,Official Twitter feed for https://t.co/u67TXIKoib. Features the paranormal fiction of author #SherrilynKenyon #Paranormal #UrbanFantasy,1067,10
20,Neal Stephenson,nealstephenson,2010-01-31 07:14:31,39,62804,"Author of Snow Crash, Diamond Age, Cryptonomicon, Baroque Cycle, et al.",216,290
21,Atul Gawande,Atul_Gawande,2011-01-03 01:42:42,175,273078,"Surgeon, Writer, Researcher, Dilettante. 
https://t.co/CLiBR5HWkf
https://t.co/W5OzSkCtQo",368,5735
22,Nick Hornby,nickhornby,2008-12-05 00:48:25,64,12072,"What came first, the music or the misery?",240,323
23,J.K. Rowling,jk_rowling,2009-08-03 13:23:45,26685,14616663,"Writer, sometimes known as Robert Galbraith",662,12063
